Прокуратура города Алушты;Прокуратура города Алушты;Новости прокуратур региона
Прокуратура города Армянска;Прокуратура города Армянска;Новости прокуратур региона
Прокуратура города Евпатории;Прокуратура города Евпатории;Новости прокуратур региона
Прокуратура города Керчи;Прокуратура города Керчи;Новости прокуратур региона
Прокуратура города Симферополя;Прокуратура города Симферополя;Новости прокуратур региона
Прокуратура города Симферополя;Прокуратура Железнодорожного района г. Симферополя;Новости прокуратур региона
Прокуратура города Симферополя;Прокуратура Центрального района г. Симферополя;Новости прокуратур региона
Прокуратура города Симферополя;Прокуратура Киевского района г. Симферополя;Новости прокуратур региона
Прокуратура города Судака;Прокуратура города Судака;Новости прокуратур региона
Прокуратура города Феодосии;Прокуратура города Феодосии;Новости прокуратур региона
Прокуратура города Ялты;Прокуратура города Ялты;Новости прокуратур региона
Джанкойская межрайонная прокуратура;Джанкойская межрайонная прокуратура;Новости прокуратур региона
Красноперекопская межрайонная прокуратура;Красноперекопская межрайонная прокуратура;Новости прокуратур региона
Прокуратура Бахчисарайского района;Прокуратура Бахчисарайского района;Новости прокуратур региона
Прокуратура Белогорского района;Прокуратура Белогорского района;Новости прокуратур региона
Прокуратура Кировского района;Прокуратура Кировского района;Новости прокуратур региона
Прокуратура Красногвардейского района;Прокуратура Красногвардейского района;Новости прокуратур региона
Прокуратура Ленинского района;Прокуратура Ленинского района;Новости прокуратур региона
Прокуратура Нижнегорского района;Прокуратура Нижнегорского района;Новости прокуратур региона
Прокуратура Первомайского района;Прокуратура Первомайского района;Новости прокуратур региона
Прокуратура Раздольненского района;Прокуратура Раздольненского района;Новости прокуратур региона
Прокуратура Симферопольского района;Прокуратура Симферопольского района;Новости прокуратур региона
Прокуратура Советского района;Прокуратура Советского района;Новости прокуратур региона
Прокуратура Черноморского района;Прокуратура Черноморского района;Новости прокуратур региона
Сакская межрайонная прокуратура;Сакская межрайонная прокуратура;Новости прокуратур региона
Керченская межрайонная природоохранная прокуратура;Керченская межрайонная природоохранная прокуратура;Новости прокуратур региона
Симферопольская межрайонная природоохранная прокуратура;Симферопольская межрайонная природоохранная прокуратура;Новости прокуратур региона
Крымская прокуратура по надзору за соблюдением законов в исправительных учреждениях;Крымская прокуратура по надзору за соблюдением законов в исправительных учреждениях;Новости прокуратур региона
Прокуратура Республики Крым;;Главное
Прокуратура Республики Крым;Новости прокуратуры Республики Крым;Главное