Прокуратура Хабаровского края;;Главное
Прокуратура города Хабаровск;г. Хабаровску;Новости прокуратур региона
Прокуратура города Хабаровск;Прокуратура г. Хабаровска;Новости прокуратур региона
Прокуратура города Хабаровск;суд г. Хабаровска;Новости прокуратур региона
Прокуратура города Хабаровск;Прокуратур города Хабаровска;Новости прокуратур региона
Прокуратура города Хабаровск;Прокуратурой города Хабаровска;Новости прокуратур региона
Прокуратура города Хабаровск;Прокурора города Хабаровска;Новости прокуратур региона
Прокуратура города Хабаровск;Прокурор города Хабаровска;Новости прокуратур региона
Прокуратура города Хабаровск;Прокуратура Хабаровска;Новости прокуратур региона
Прокуратура города Хабаровск;Прокуратуры Хабаровска;Новости прокуратур региона
Прокуратура города Хабаровск;Хабаровске;Новости прокуратур региона
Прокуратура города Хабаровск;Прокуратурой Хабаровска;Новости прокуратур региона
Прокуратура города Комсомольск-на-Амуре;Комсомольска-на-Амуре;Новости прокуратур региона
Прокуратура города Комсомольск-на-Амуре;Комсомольске-на-Амуре;Новости прокуратур региона
Прокуратура города Комсомольск-на-Амуре;Комсомольской-на-Амуре;Новости прокуратур региона
Прокуратура города Комсомольск-на-Амуре;Комсомольский-на-Амуре;Новости прокуратур региона
Амурская городская прокуратура;Амурского городского прокурора;Новости прокуратур региона
Амурская городская прокуратура;Амурской городской прокуратурой;Новости прокуратур региона
Амурская городская прокуратура;Амурске;Новости прокуратур региона
Амурская городская прокуратура;Амурской городской прокуратуре;Новости прокуратур региона
Амурская городская прокуратура;Амурской городской прокуратуры;Новости прокуратур региона
Амурская городская прокуратура;Амурская городская прокуратура;Новости прокуратур региона
Советско-Гаванская городская прокуратура;Советско-Гаванской;Новости прокуратур региона
Советско-Гаванская городская прокуратура;Советская Гавань;Новости прокуратур региона
Советско-Гаванская городская прокуратура;Советской Гавани;Новости прокуратур региона
Советско-Гаванская городская прокуратура;Советско-Гаванская;Новости прокуратур региона
Николаевская-на-Амуре городская прокуратура;Николаевская-на-Амуре;Новости прокуратур региона
Николаевская-на-Амуре городская прокуратура;Николаевский-на-Амуре;Новости прокуратур региона
Николаевская-на-Амуре городская прокуратура;Николаевским-на-Амуре;Новости прокуратур региона
Николаевская-на-Амуре городская прокуратура;Николаевской-на-Амуре;Новости прокуратур региона
Николаевская-на-Амуре городская прокуратура;Николаевского-на-Амуре;Новости прокуратур региона
Николаевская-на-Амуре городская прокуратура;Николаевска-на-Амуре;Новости прокуратур региона
Николаевская-на-Амуре городская прокуратура;Николаевске-на-Амуре;Новости прокуратур региона
Бикинская городская прокуратура;Бикинская;Новости прокуратур региона
Бикинская городская прокуратура;Бикинской;Новости прокуратур региона
Бикинская городская прокуратура;Бикинский;Новости прокуратур региона
Бикинская городская прокуратура;Бикинском;Новости прокуратур региона
Бикинская городская прокуратура;Бикинского;Новости прокуратур региона
Бикинская городская прокуратура;Бикина;Новости прокуратур региона
Прокуратура Центрального района города Хабаровск;Центрального;Новости прокуратур региона
Прокуратура Центрального района города Хабаровск;Центральном;Новости прокуратур региона
Прокуратура Индустриального района города Хабаровск;Индустриального;Новости прокуратур региона
Прокуратура Индустриального района города Хабаровск;Индустриальном;Новости прокуратур региона
Прокуратура Железнодорожного района города Хабаровск;Железнодорожного;Новости прокуратур региона
Прокуратура Железнодорожного района города Хабаровск;Железнодорожном;Новости прокуратур региона
Прокуратура Краснофлотского района города Хабаровск;Краснофлотского;Новости прокуратур региона
Прокуратура Краснофлотского района города Хабаровск;Краснофлотском;Новости прокуратур региона
Прокуратура Кировского района города Хабаровск;Кировского;Новости прокуратур региона
Прокуратура Кировского района города Хабаровск;Кировском;Новости прокуратур региона
Прокуратура Хабаровского района;Хабаровского;Новости прокуратур региона
Прокуратура Хабаровского района;Хабаровском;Новости прокуратур региона
Прокуратура Вяземского района;Вяземского;Новости прокуратур региона
Прокуратура Вяземского района;Вяземском;Новости прокуратур региона
Прокуратура Вяземского района;Вяземский;Новости прокуратур региона
Прокуратура района имени Лазо;районе имени Лазо;Новости прокуратур региона
Прокуратура района имени Лазо;районе Лазо;Новости прокуратур региона
Прокуратура района имени Лазо;района имени Лазо;Новости прокуратур региона
Прокуратура Нанайского района;Нанайского;Новости прокуратур региона
Прокуратура Нанайского района;Нанайском;Новости прокуратур региона
Прокуратура Комсомольского района;Комсомольского;Новости прокуратур региона
Прокуратура Комсомольского района;Комсомольском;Новости прокуратур региона
Прокуратура Солнечного района;Солнечном;Новости прокуратур региона
Прокуратура Солнечного района;Солнечного;Новости прокуратур региона
Прокуратура Верхнебуреинского района;Верхнебуреинского;Новости прокуратур региона
Прокуратура Верхнебуреинского района;Верхнебуреинским;Новости прокуратур региона
Прокуратура Верхнебуреинского района;Верхнебуреинском;Новости прокуратур региона
Прокуратура Ванинского района;Ванинском;Новости прокуратур региона
Прокуратура Ванинского района;Ванинского;Новости прокуратур региона
Прокуратура района имени Полины Осипенко;Полины Осипенко;Новости прокуратур региона
Прокуратура Ульчского района;Ульчского;Новости прокуратур региона
Прокуратура Ульчского района;Ульчском;Новости прокуратур региона
Прокуратура Тугуро-Чумиканского района;Тугуро-Чумиканской;Новости прокуратур региона
Прокуратура Тугуро-Чумиканского района;Тугуро-Чумиканском;Новости прокуратур региона
Прокуратура Тугуро-Чумиканского района;Тугуро-Чумиканского;Новости прокуратур региона
Прокуратура Аяно-Майского района;Аяно-Майского;Новости прокуратур региона
Прокуратура Аяно-Майского района;Аяно-Майском;Новости прокуратур региона
Прокуратура Охотского района;Охотского;Новости прокуратур региона
Прокуратура Охотского района;Охотском;Новости прокуратур региона
Хабаровская прокуратура по надзору за соблюдением законов в исправительных учреждениях;Хабаровская прокуратура по надзору за соблюдением законов в исправительных учреждениях;Новости прокуратур региона
Хабаровская прокуратура по надзору за соблюдением законов в исправительных учреждениях;Хабаровской прокуратурой по надзору за соблюдением законов в исправительных учреждениях;Новости прокуратур региона
Хабаровская прокуратура по надзору за исполнением законов на особо на особо режимных объектах;Хабаровская прокуратура по надзору за исполнением законов на особо на особо режимных объектах;Новости прокуратур региона
Хабаровская прокуратура по надзору за исполнением законов на особо на особо режимных объектах;Хабаровской прокуратурой по надзору за исполнением законов па особо режимных объектах;Новости прокуратур региона
Хабаровская прокуратура по надзору за исполнением законов на особо на особо режимных объектах;Хабаровской прокуратурой по надзору за исполнением законов на особо режимных объектах;Новости прокуратур региона
Комсомольская-на-Амуре прокуратура по надзору за соблюдением законов в исправительных учреждениях;Комсомольская-на-Амуре прокуратура по надзору за соблюдением законов в исправительных учреждениях;Новости прокуратур региона