Белорецкая межрайонная прокуратура;1;Новости прокуратур региона
Белебеевская межрайонная прокуратура;2;Новости прокуратур региона
Благовещенская межрайонная прокуратура;3;Новости прокуратур региона
Бирская межрайонная прокуратура;4;Новости прокуратур региона
Дюртюлинская межрайонная прокуратура;5;Новости прокуратур региона
Ишимбайская межрайонная прокуратура;6;Новости прокуратур региона
Мелеузовская межрайонная прокуратура;7;Новости прокуратур региона
Туймазинская межрайонная прокуратура;8;Новости прокуратур региона
Прокуратура Советского района города Уфы;9;Новости прокуратур региона
Прокуратура города Кумертау;10;Новости прокуратур региона
Прокуратура города Нефтекамск;11;Новости прокуратур региона
Прокуратура города Сибай;12;Новости прокуратур региона
Прокуратура города Октябрьский;13;Новости прокуратур региона
Прокуратура города Стерлитамак;14;Новости прокуратур региона
Прокуратура города Салават;15;Новости прокуратур региона
Башкирская природоохранная межрайонная прокуратура;16;Новости прокуратур региона
Учалинская межрайонная прокуратура;17;Новости прокуратур региона
Прокуратура города Уфы;18;Новости прокуратур региона
Прокуратура Демского района города Уфы;19;Новости прокуратур региона
Прокуратура Кировского района города Уфы;20;Новости прокуратур региона
Прокуратура Калининского района города Уфы;21;Новости прокуратур региона
Прокуратура Ленинского района города Уфы;22;Новости прокуратур региона
Прокуратура Орджоникидзевского района города Уфы;23;Новости прокуратур региона
Прокуратура Октябрьского района города Уфы;24;Новости прокуратур региона