https://beloreck.procrb.ru;/news/?SHOWALL_1=1;1
https://belebei.procrb.ru;/news/?SHOWALL_1=1;2
https://bl.procrb.ru;/news/?SHOWALL_1=1;3
https://birsk.procrb.ru;/news/?SHOWALL_1=1;4
https://dyurtyuli.procrb.ru;/news/?SHOWALL_1=1;5
https://ishimbai.procrb.ru;/news/?SHOWALL_1=1;6
https://meleuz.procrb.ru;/news/?SHOWALL_1=1;7
https://tuimazi.procrb.ru;/news/?SHOWALL_1=1;8
https://sovetskaya.procrb.ru;/news/?SHOWALL_1=1;9
https://kumertau.procrb.ru;/news/?SHOWALL_1=1;10
https://neftekamsk.procrb.ru;/news/?SHOWALL_1=1;11
https://sibai.procrb.ru;/news/?SHOWALL_1=1;12
https://oktgor.procrb.ru;/news/?SHOWALL_1=1;13
https://sterlitamak.procrb.ru;/news/?SHOWALL_1=1;14
https://salavat.procrb.ru;/news/?SHOWALL_1=1;15
https://eco.procrb.ru;/news/?SHOWALL_1=1;16
https://uchali.procrb.ru;/news/?SHOWALL_1=1;17
https://ufa.procrb.ru;/news/?SHOWALL_1=1;18
https://dema.procrb.ru;/news/?SHOWALL_1=1;19
https://kirovskaya.procrb.ru;/news/?SHOWALL_1=1;20
https://kalin.procrb.ru;/news/?SHOWALL_1=1;21
https://leninskaya.procrb.ru;/news/?SHOWALL_1=1;22
https://ordjon.procrb.ru;/news/?SHOWALL_1=1;23
https://oktybrskaya.procrb.ru;/news/?SHOWALL_1=1;24