Прокуратура Заводского района г. Грозного;© Прокуратура Заводского района г. Грозного;Новости прокуратур региона
Прокуратура Ленинского района г. Грозного;© Прокуратура Ленинского района г. Грозного;Новости прокуратур региона
Прокуратура Октябрьского района г. Грозного;© Прокуратура Октябрьского района г. Грозного;Новости прокуратур региона
Прокуратура Старопромысловского района г. Грозного;© Прокуратура Старопромысловского района г. Грозного;Новости прокуратур региона
Прокуратура г. Аргуна;© Прокуратура г. Аргуна;Новости прокуратур региона
Ачхой-Мартановская межрайонная прокуратура;© Ачхой-Мартановская межрайонная прокуратура;Новости прокуратур региона
Шатойская межрайонная прокуратура;© Шатойская межрайонная прокуратура;Новости прокуратур региона
Прокуратура Веденского района;© Прокуратура Веденского района;Новости прокуратур региона
Прокуратура Грозненского района;© Прокуратура Грозненского района;Новости прокуратур региона
Прокуратура Гудермесского района;© Прокуратура Гудермесского района;Новости прокуратур региона
Прокуратура Курчалоевского района;© Прокуратура Курчалоевского района;Новости прокуратур региона
Прокуратура Надтеречного района;© Прокуратура Надтеречного района;Новости прокуратур региона
Прокуратура Наурского района;© Прокуратура Наурского района;Новости прокуратур региона
Прокуратура Ножай-Юртовского района;© Прокуратура Ножай-Юртовского района;Новости прокуратур региона
Прокуратура Урус-Мартановского района;© Прокуратура Урус-Мартановского района;Новости прокуратур региона
Прокуратура Шалинского района;© Прокуратура Шалинского района;Новости прокуратур региона
Прокуратура Шелковского района;© Прокуратура Шелковского района;Новости прокуратур региона
Прокуратура Чеченской Республики;Прокуратура Чеченской республики;Главное
Прокуратура Чеченской Республики;;Главное