Прокуратура Городовиковского района;Городовиковский район;Новости прокуратур региона
Прокуратура г.Элисты;г.Элиста;Новости прокуратур региона
Прокуратура Ики-Бурульского района;Ики-Бурульский район;Новости прокуратур региона
Прокуратура Кетченеровского района;Кетченеровский район;Новости прокуратур региона
Прокуратура Лаганского района;Лаганский район;Новости прокуратур региона
Прокуратура Малодербетовского района;Малодербетовский район;Новости прокуратур региона
Прокуратура Октябрьского района;Октябрьский район;Новости прокуратур региона
Прокуратура Приютненского района;Приютненский район;Новости прокуратур региона
Прокуратура Сарпинского района;Сарпинский район;Новости прокуратур региона
Прокуратура Черноземельского района;Черноземельский район;Новости прокуратур региона
Прокуратура Целинного района;Целинный район;Новости прокуратур региона
Прокуратура Юстинского района;Юстинский район;Новости прокуратур региона
Прокуратура Яшалтинского района;Яшалтинский район;Новости прокуратур региона
Прокуратура Яшкульского района;Яшкульский район;Новости прокуратур региона
Прокуратура Республики Калмыкия;;Главное