Елизовская городская прокуратура;Елизовская городская прокуратура;Новости прокуратур региона
Камчатская межрайонная природоохранная прокуратура;Камчатская межрайонная природоохранная специализированная прокуратура;Новости прокуратур региона
Прокуратура Быстринского района;Прокуратура Быстринского района;Новости прокуратур региона
Прокуратура г. Петропавловска-Камчатского;Прокуратура города Петропавловска-Камчатского;Новости прокуратур региона
Прокуратура Карагинского района;Прокуратура Карагинского района;Новости прокуратур региона
Прокуратура Мильковского района;Прокуратура Мильковского района;Новости прокуратур региона
Прокуратура Пенжинского района;Прокуратура Пенжинского района;Новости прокуратур региона
Прокуратура Соболевского района;Прокуратура Соболевского района;Новости прокуратур региона
Прокуратура Тигильского района;Прокуратура Тигильского района;Новости прокуратур региона
Прокуратура Усть-Большерецкого района;Прокуратура Усть-Большерецкого района;Новости прокуратур региона
Усть-Камчатская межрайонная прокуратура;Усть-Камчатская межрайонная прокуратура;Новости прокуратур региона
Прокуратура ЗАТО города Вилючинска;Прокуратура ЗАТО г. Вилючинск;Новости прокуратур региона
Прокуратура Олюторского района;Прокуратура Олюторского района;Новости прокуратур региона
Прокуратура Камчатского края;Аппарат прокуратуры Камчатского края;Главное
Прокуратура Камчатского края;;Главное